{"is_source_file": false, "format": "", "description": "", "external_files": [], "external_methods": [], "published": [], "classes": [], "methods": [], "calls": [], "search-terms": [], "state": 2, "file_id": 3, "knowledge_revision": 15, "git_revision": "a945c8a32b9792d27779a8da76bc846df7bd8e32", "hash": "ebece526bc2eadd78ddd787a76c56607", "format-version": 4, "code-base-name": "prompt_extension_frontend", "filename": "prompt_extension_frontend/README.md", "revision_history": [{"15": "a945c8a32b9792d27779a8da76bc846df7bd8e32"}]}