{"is_source_file": true, "format": "JavaScript / React", "description": "React component for the BrandPrompt Generator application frontend, managing UI state, API communication, settings, and displaying prompt generation results.", "external_files": ["./storage", "./apiClient", "./App.css"], "external_methods": ["loadSettings", "saveSettings", "generatePrompt", "getDefaultSettings", "getPublicConfig", "healthCheck", "resolveBaseUrl"], "published": ["App"], "classes": [], "methods": [{"name": "onSave()", "description": "Saves current settings to local storage and resets the 'dirty' flag.", "scope": "App", "scopeKind": "function"}, {"name": "onCheckBackend()", "description": "Performs a health check on the backend API endpoint specified by 'baseUrl' and updates status badges.", "scope": "App", "scopeKind": "function"}, {"name": "onGenerate()", "description": "Triggers prompt generation via API and updates the UI with the result or error.", "scope": "App", "scopeKind": "function"}, {"name": "onCopyPrompt()", "description": "Copies the generated prompt to clipboard.", "scope": "App", "scopeKind": "function"}, {"name": "patchSettings(patch)", "description": "Updates specific settings fields and marks them as 'dirty'.", "scope": "App", "scopeKind": "function"}, {"name": "App()", "scope": "", "scopeKind": "", "description": "unavailable"}], "calls": ["loadSettings", "saveSettings", "getPublicConfig", "getDefaultSettings", "healthCheck", "generatePrompt"], "search-terms": ["React", "prompt extension frontend", "prompt generation UI", "settings management", "API interaction"], "state": 2, "file_id": 5, "knowledge_revision": 39, "git_revision": "35c1226e9a2253ba6aea621dac9f395cd5ac7270", "revision_history": [{"24": "a945c8a32b9792d27779a8da76bc846df7bd8e32"}, {"30": "a945c8a32b9792d27779a8da76bc846df7bd8e32"}, {"39": "35c1226e9a2253ba6aea621dac9f395cd5ac7270"}], "ctags": [{"_type": "tag", "name": "App", "path": "/home/kavia/workspace/code-generation/brandprompt-generator-239487-239497/prompt_extension_frontend/src/App.js", "pattern": "/^function App() {$/", "language": "JavaScript", "kind": "function", "signature": "()"}, {"_type": "tag", "name": "DEFAULT_SETTINGS", "path": "/home/kavia/workspace/code-generation/brandprompt-generator-239487-239497/prompt_extension_frontend/src/App.js", "pattern": "/^const DEFAULT_SETTINGS = {$/", "language": "JavaScript", "kind": "class"}, {"_type": "tag", "name": "TABS", "path": "/home/kavia/workspace/code-generation/brandprompt-generator-239487-239497/prompt_extension_frontend/src/App.js", "pattern": "/^const TABS = [$/", "language": "JavaScript", "kind": "constant"}, {"_type": "tag", "name": "audience", "path": "/home/kavia/workspace/code-generation/brandprompt-generator-239487-239497/prompt_extension_frontend/src/App.js", "pattern": "/^  audience: \"\",$/", "language": "JavaScript", "kind": "property", "scope": "DEFAULT_SETTINGS", "scopeKind": "class"}, {"_type": "tag", "name": "backendBaseUrl", "path": "/home/kavia/workspace/code-generation/brandprompt-generator-239487-239497/prompt_extension_frontend/src/App.js", "pattern": "/^  backendBaseUrl: \"http:\\/\\/localhost:3001\",$/", "language": "JavaScript", "kind": "property", "scope": "DEFAULT_SETTINGS", "scopeKind": "class"}, {"_type": "tag", "name": "brandDo", "path": "/home/kavia/workspace/code-generation/brandprompt-generator-239487-239497/prompt_extension_frontend/src/App.js", "pattern": "/^  brandDo: \"Use concise sentences. Be specific. Keep it practical.\",$/", "language": "JavaScript", "kind": "property", "scope": "DEFAULT_SETTINGS", "scopeKind": "class"}, {"_type": "tag", "name": "brandDont", "path": "/home/kavia/workspace/code-generation/brandprompt-generator-239487-239497/prompt_extension_frontend/src/App.js", "pattern": "/^  brandDont: \"Avoid hype and jargon. Avoid emojis.\",$/", "language": "JavaScript", "kind": "property", "scope": "DEFAULT_SETTINGS", "scopeKind": "class"}, {"_type": "tag", "name": "brandName", "path": "/home/kavia/workspace/code-generation/brandprompt-generator-239487-239497/prompt_extension_frontend/src/App.js", "pattern": "/^  brandName: \"\",$/", "language": "JavaScript", "kind": "property", "scope": "DEFAULT_SETTINGS", "scopeKind": "class"}, {"_type": "tag", "name": "brandVoice", "path": "/home/kavia/workspace/code-generation/brandprompt-generator-239487-239497/prompt_extension_frontend/src/App.js", "pattern": "/^  brandVoice: \"Clear, confident, helpful\",$/", "language": "JavaScript", "kind": "property", "scope": "DEFAULT_SETTINGS", "scopeKind": "class"}, {"_type": "tag", "name": "context", "path": "/home/kavia/workspace/code-generation/brandprompt-generator-239487-239497/prompt_extension_frontend/src/App.js", "pattern": "/^  context: \"\",$/", "language": "JavaScript", "kind": "property", "scope": "DEFAULT_SETTINGS", "scopeKind": "class"}, {"_type": "tag", "name": "keywords", "path": "/home/kavia/workspace/code-generation/brandprompt-generator-239487-239497/prompt_extension_frontend/src/App.js", "pattern": "/^  keywords: \"\",$/", "language": "JavaScript", "kind": "property", "scope": "DEFAULT_SETTINGS", "scopeKind": "class"}, {"_type": "tag", "name": "objective", "path": "/home/kavia/workspace/code-generation/brandprompt-generator-239487-239497/prompt_extension_frontend/src/App.js", "pattern": "/^  objective: \"Awareness\",$/", "language": "JavaScript", "kind": "property", "scope": "DEFAULT_SETTINGS", "scopeKind": "class"}, {"_type": "tag", "name": "onCheckBackend", "path": "/home/kavia/workspace/code-generation/brandprompt-generator-239487-239497/prompt_extension_frontend/src/App.js", "pattern": "/^  async function onCheckBackend() {$/", "language": "JavaScript", "kind": "function", "signature": "()", "scope": "App", "scopeKind": "function"}, {"_type": "tag", "name": "onCopyPrompt", "path": "/home/kavia/workspace/code-generation/brandprompt-generator-239487-239497/prompt_extension_frontend/src/App.js", "pattern": "/^  async function onCopyPrompt() {$/", "language": "JavaScript", "kind": "function", "signature": "()", "scope": "App", "scopeKind": "function"}, {"_type": "tag", "name": "onGenerate", "path": "/home/kavia/workspace/code-generation/brandprompt-generator-239487-239497/prompt_extension_frontend/src/App.js", "pattern": "/^  async function onGenerate() {$/", "language": "JavaScript", "kind": "function", "signature": "()", "scope": "App", "scopeKind": "function"}, {"_type": "tag", "name": "onSave", "path": "/home/kavia/workspace/code-generation/brandprompt-generator-239487-239497/prompt_extension_frontend/src/App.js", "pattern": "/^              onClick={onSave}$/", "language": "JavaScript", "kind": "field", "scope": "App.onClick", "scopeKind": "class"}, {"_type": "tag", "name": "onSave", "path": "/home/kavia/workspace/code-generation/brandprompt-generator-239487-239497/prompt_extension_frontend/src/App.js", "pattern": "/^  async function onSave() {$/", "language": "JavaScript", "kind": "function", "signature": "()", "scope": "App", "scopeKind": "function"}, {"_type": "tag", "name": "orientation", "path": "/home/kavia/workspace/code-generation/brandprompt-generator-239487-239497/prompt_extension_frontend/src/App.js", "pattern": "/^  orientation: \"Post\",$/", "language": "JavaScript", "kind": "property", "scope": "DEFAULT_SETTINGS", "scopeKind": "class"}, {"_type": "tag", "name": "patchSettings", "path": "/home/kavia/workspace/code-generation/brandprompt-generator-239487-239497/prompt_extension_frontend/src/App.js", "pattern": "/^  function patchSettings(patch) {$/", "language": "JavaScript", "kind": "function", "signature": "(patch)", "scope": "App", "scopeKind": "function"}, {"_type": "tag", "name": "platform", "path": "/home/kavia/workspace/code-generation/brandprompt-generator-239487-239497/prompt_extension_frontend/src/App.js", "pattern": "/^  platform: \"LinkedIn\",$/", "language": "JavaScript", "kind": "property", "scope": "DEFAULT_SETTINGS", "scopeKind": "class"}, {"_type": "tag", "name": "settings", "path": "/home/kavia/workspace/code-generation/brandprompt-generator-239487-239497/prompt_extension_frontend/src/App.js", "pattern": "/^              value={settings.backendBaseUrl}$/", "language": "JavaScript", "kind": "field", "scope": "App.value", "scopeKind": "class"}, {"_type": "tag", "name": "settings", "path": "/home/kavia/workspace/code-generation/brandprompt-generator-239487-239497/prompt_extension_frontend/src/App.js", "pattern": "/^              value={settings.brandName}$/", "language": "JavaScript", "kind": "field", "scope": "App.value", "scopeKind": "class"}, {"_type": "tag", "name": "settings", "path": "/home/kavia/workspace/code-generation/brandprompt-generator-239487-239497/prompt_extension_frontend/src/App.js", "pattern": "/^              value={settings.brandVoice}$/", "language": "JavaScript", "kind": "field", "scope": "App.value", "scopeKind": "class"}, {"_type": "tag", "name": "settings", "path": "/home/kavia/workspace/code-generation/brandprompt-generator-239487-239497/prompt_extension_frontend/src/App.js", "pattern": "/^              value={settings.keywords}$/", "language": "JavaScript", "kind": "field", "scope": "App.value", "scopeKind": "class"}, {"_type": "tag", "name": "topic", "path": "/home/kavia/workspace/code-generation/brandprompt-generator-239487-239497/prompt_extension_frontend/src/App.js", "pattern": "/^  topic: \"\",$/", "language": "JavaScript", "kind": "property", "scope": "DEFAULT_SETTINGS", "scopeKind": "class"}], "hash": "0b5f2943d40a156d387da4d348d56e18", "format-version": 4, "code-base-name": "prompt_extension_frontend", "filename": "prompt_extension_frontend/src/App.js", "fields": [{"name": "audience: \"\",", "scope": "DEFAULT_SETTINGS", "scopeKind": "class", "description": "unavailable"}, {"name": "backendBaseUrl: \"http:\\/\\/localhost:3001\",", "scope": "DEFAULT_SETTINGS", "scopeKind": "class", "description": "unavailable"}, {"name": "brandDo: \"Use concise sentences. Be specific. Keep it practical.\",", "scope": "DEFAULT_SETTINGS", "scopeKind": "class", "description": "unavailable"}, {"name": "brandDont: \"Avoid hype and jargon. Avoid emojis.\",", "scope": "DEFAULT_SETTINGS", "scopeKind": "class", "description": "unavailable"}, {"name": "brandName: \"\",", "scope": "DEFAULT_SETTINGS", "scopeKind": "class", "description": "unavailable"}, {"name": "brandVoice: \"Clear, confident, helpful\",", "scope": "DEFAULT_SETTINGS", "scopeKind": "class", "description": "unavailable"}, {"name": "context: \"\",", "scope": "DEFAULT_SETTINGS", "scopeKind": "class", "description": "unavailable"}, {"name": "keywords: \"\",", "scope": "DEFAULT_SETTINGS", "scopeKind": "class", "description": "unavailable"}, {"name": "objective: \"Awareness\",", "scope": "DEFAULT_SETTINGS", "scopeKind": "class", "description": "unavailable"}, {"name": "onClick={onSave}", "scope": "App.onClick", "scopeKind": "class", "description": "unavailable"}, {"name": "orientation: \"Post\",", "scope": "DEFAULT_SETTINGS", "scopeKind": "class", "description": "unavailable"}, {"name": "platform: \"LinkedIn\",", "scope": "DEFAULT_SETTINGS", "scopeKind": "class", "description": "unavailable"}, {"name": "value={settings.backendBaseUrl}", "scope": "App.value", "scopeKind": "class", "description": "unavailable"}, {"name": "value={settings.brandName}", "scope": "App.value", "scopeKind": "class", "description": "unavailable"}, {"name": "value={settings.brandVoice}", "scope": "App.value", "scopeKind": "class", "description": "unavailable"}, {"name": "value={settings.keywords}", "scope": "App.value", "scopeKind": "class", "description": "unavailable"}, {"name": "topic: \"\",", "scope": "DEFAULT_SETTINGS", "scopeKind": "class", "description": "unavailable"}]}