{"is_source_file": false, "format": "", "description": "", "external_files": [], "external_methods": [], "published": [], "classes": [], "methods": [], "calls": [], "search-terms": [], "state": 2, "file_id": 18, "knowledge_revision": 48, "git_revision": "bf39b5a88e19ae43cb959c483383771a73150ca8", "hash": "7bf4357ebcf27ce6772cb40c2bbd9475", "format-version": 4, "code-base-name": "prompt_extension_frontend", "filename": "prompt_extension_frontend/interfaces/prompt_extension_backend_openapi.json", "revision_history": [{"48": "bf39b5a88e19ae43cb959c483383771a73150ca8"}]}