{"is_source_file": true, "format": "JavaScript", "description": "This file provides helper functions for storing and retrieving extension settings, supporting both Chrome extension storage API and fallback to localStorage for development environments.", "external_files": ["chrome.storage.local"], "external_methods": ["chromeApi.storage.local.get", "chromeApi.storage.local.set"], "published": ["loadSettings", "saveSettings"], "classes": [], "methods": [{"name": "loadSettings()", "description": "Asynchronously loads settings from extension storage with fallback to localStorage, returning a promise that resolves to the settings object.", "scope": "", "scopeKind": ""}, {"name": "saveSettings(settings)", "description": "Asynchronously saves provided settings object to extension storage or falls back to localStorage if Chrome storage API fails.", "scope": "", "scopeKind": ""}, {"name": "getChrome()", "scope": "", "scopeKind": "", "description": "unavailable"}, {"name": "getGlobal()", "scope": "", "scopeKind": "", "description": "unavailable"}], "calls": ["getGlobal", "getChrome", "chromeApi.storage.local.get", "chromeApi.storage.local.set", "localStorage.getItem", "localStorage.setItem", "console.warn"], "search-terms": ["extension storage helper", "chrome.storage.local", "localStorage fallback", "settings load save", "storage key"], "state": 2, "file_id": 13, "knowledge_revision": 37, "git_revision": "", "revision_history": [{"33": ""}, {"35": ""}, {"36": ""}, {"37": ""}], "ctags": [{"_type": "tag", "name": "STORAGE_KEY", "path": "/home/kavia/workspace/code-generation/brandprompt-generator-239487-239497/prompt_extension_frontend/src/storage.js", "pattern": "/^const STORAGE_KEY = \"brandprompt_settings_v1\";$/", "language": "JavaScript", "kind": "constant"}, {"_type": "tag", "name": "getChrome", "path": "/home/kavia/workspace/code-generation/brandprompt-generator-239487-239497/prompt_extension_frontend/src/storage.js", "pattern": "/^function getChrome() {$/", "language": "JavaScript", "kind": "function", "signature": "()"}, {"_type": "tag", "name": "getGlobal", "path": "/home/kavia/workspace/code-generation/brandprompt-generator-239487-239497/prompt_extension_frontend/src/storage.js", "pattern": "/^function getGlobal() {$/", "language": "JavaScript", "kind": "function", "signature": "()"}, {"_type": "tag", "name": "loadSettings", "path": "/home/kavia/workspace/code-generation/brandprompt-generator-239487-239497/prompt_extension_frontend/src/storage.js", "pattern": "/^export async function loadSettings() {$/", "language": "JavaScript", "kind": "function", "signature": "()"}, {"_type": "tag", "name": "saveSettings", "path": "/home/kavia/workspace/code-generation/brandprompt-generator-239487-239497/prompt_extension_frontend/src/storage.js", "pattern": "/^export async function saveSettings(settings) {$/", "language": "JavaScript", "kind": "function", "signature": "(settings)"}], "hash": "2235d14e3c7e22618a77a2e832adf630", "format-version": 4, "code-base-name": "prompt_extension_frontend", "filename": "prompt_extension_frontend/src/storage.js"}