{"is_source_file": true, "format": "JavaScript", "description": "This file is a JavaScript module that defines a client for interacting with a backend API. It includes functions to resolve the base URL for the backend, perform a health check request, and a placeholder for a prompt generation endpoint.", "external_files": ["fetch API (built-in to browsers and environment)"], "external_methods": ["fetch"], "published": ["resolveBaseUrl", "healthCheck", "generatePrompt"], "classes": [], "methods": [{"name": "resolveBaseUrl(settings)", "description": "Determines the backend base URL from provided settings object or defaults to 'http://localhost:3001'.", "scope": "", "scopeKind": ""}, {"name": "healthCheck(baseUrl)", "description": "Performs a GET request to the root endpoint of the backend to check if it is responsive, returning status and response details.", "scope": "", "scopeKind": ""}, {"name": "generatePrompt()", "description": "Placeholder function intended for generating prompts via backend API; currently throws an error as the endpoint is not yet implemented.", "scope": "", "scopeKind": ""}], "calls": ["fetch"], "search-terms": ["API client", "health check", "generatePrompt", "backend URL", "fetch API"], "state": 2, "file_id": 14, "knowledge_revision": 34, "git_revision": "", "ctags": [{"_type": "tag", "name": "DEFAULT_BASE_URL", "path": "/home/kavia/workspace/code-generation/brandprompt-generator-239487-239497/prompt_extension_frontend/src/apiClient.js", "pattern": "/^const DEFAULT_BASE_URL = \"http:\\/\\/localhost:3001\";$/", "language": "JavaScript", "kind": "constant"}, {"_type": "tag", "name": "generatePrompt", "path": "/home/kavia/workspace/code-generation/brandprompt-generator-239487-239497/prompt_extension_frontend/src/apiClient.js", "pattern": "/^export async function generatePrompt() {$/", "language": "JavaScript", "kind": "function", "signature": "()"}, {"_type": "tag", "name": "healthCheck", "path": "/home/kavia/workspace/code-generation/brandprompt-generator-239487-239497/prompt_extension_frontend/src/apiClient.js", "pattern": "/^export async function healthCheck(baseUrl) {$/", "language": "JavaScript", "kind": "function", "signature": "(baseUrl)"}, {"_type": "tag", "name": "resolveBaseUrl", "path": "/home/kavia/workspace/code-generation/brandprompt-generator-239487-239497/prompt_extension_frontend/src/apiClient.js", "pattern": "/^export function resolveBaseUrl(settings) {$/", "language": "JavaScript", "kind": "function", "signature": "(settings)"}], "hash": "397261d99ef45cb26a95e5c7334a1674", "format-version": 4, "code-base-name": "prompt_extension_frontend", "filename": "prompt_extension_frontend/src/apiClient.js", "revision_history": [{"34": ""}]}