{"is_source_file": false, "format": "", "description": "", "external_files": [], "external_methods": [], "published": [], "classes": [], "methods": [], "calls": [], "search-terms": [], "state": 2, "file_id": 6, "knowledge_revision": 23, "git_revision": "a945c8a32b9792d27779a8da76bc846df7bd8e32", "ctags": [], "hash": "1a77571e1a8cf36018a41bcedf60db75", "format-version": 4, "code-base-name": "prompt_extension_frontend", "filename": "prompt_extension_frontend/src/setupTests.js", "revision_history": [{"23": "a945c8a32b9792d27779a8da76bc846df7bd8e32"}]}