{"is_source_file": false, "format": "", "description": "", "external_files": [], "external_methods": [], "published": [], "classes": [], "methods": [], "calls": [], "search-terms": [], "state": 2, "file_id": 12, "knowledge_revision": 19, "git_revision": "a945c8a32b9792d27779a8da76bc846df7bd8e32", "hash": "d001d53c059625c4bcf75bf5a7f3fcf0", "format-version": 4, "code-base-name": "prompt_extension_frontend", "filename": "prompt_extension_frontend/package.json", "revision_history": [{"19": "a945c8a32b9792d27779a8da76bc846df7bd8e32"}]}