{"is_source_file": false, "format": "", "description": "", "external_files": [], "external_methods": [], "published": [], "classes": [], "methods": [], "calls": [], "search-terms": [], "state": 2, "file_id": 10, "knowledge_revision": 52, "git_revision": "4bf35641370cdc4d907d29658105c34ee8a8e1e9", "revision_history": [{"26": "a945c8a32b9792d27779a8da76bc846df7bd8e32"}, {"52": "4bf35641370cdc4d907d29658105c34ee8a8e1e9"}], "hash": "0cc1d3102cfa4f3824bcfc5242520f99", "format-version": 4, "code-base-name": "prompt_extension_frontend", "filename": "prompt_extension_frontend/public/manifest.json"}