{"is_source_file": true, "format": "JavaScript (React JSX)", "description": "Main React component for the BrandPrompt Generator extension UI, managing settings, tabs, and backend connectivity status.", "external_files": ["./storage", "./apiClient", "./App.css"], "external_methods": ["loadSettings", "saveSettings", "healthCheck", "resolveBaseUrl"], "published": ["App"], "classes": [], "methods": [{"name": "App()", "description": "Main functional React component managing the extension's UI.", "scope": "", "scopeKind": ""}, {"name": "onSave()", "description": "Saves current settings to storage.", "scope": "App", "scopeKind": "function"}, {"name": "onCheckBackend()", "description": "Performs a health check on the backend API.", "scope": "App", "scopeKind": "function"}, {"name": "patchSettings(patch)", "description": "Updates specific settings and marks the state as dirty.", "scope": "App", "scopeKind": "function"}], "calls": ["loadSettings", "saveSettings", "healthCheck", "resolveBaseUrl"], "search-terms": ["React extension UI", "settings management", "backend health check", "tabs", "branding prompts", "React hooks"], "state": 3, "file_id": 5, "knowledge_revision": 30, "git_revision": "a945c8a32b9792d27779a8da76bc846df7bd8e32", "revision_history": [{"24": "a945c8a32b9792d27779a8da76bc846df7bd8e32"}, {"30": "a945c8a32b9792d27779a8da76bc846df7bd8e32"}], "ctags": [{"_type": "tag", "name": "App", "path": "/home/kavia/workspace/code-generation/brandprompt-generator-239487-239497/prompt_extension_frontend/src/App.js", "pattern": "/^function App() {$/", "language": "JavaScript", "kind": "function", "signature": "()"}, {"_type": "tag", "name": "DEFAULT_SETTINGS", "path": "/home/kavia/workspace/code-generation/brandprompt-generator-239487-239497/prompt_extension_frontend/src/App.js", "pattern": "/^const DEFAULT_SETTINGS = {$/", "language": "JavaScript", "kind": "class"}, {"_type": "tag", "name": "TABS", "path": "/home/kavia/workspace/code-generation/brandprompt-generator-239487-239497/prompt_extension_frontend/src/App.js", "pattern": "/^const TABS = [$/", "language": "JavaScript", "kind": "constant"}, {"_type": "tag", "name": "audience", "path": "/home/kavia/workspace/code-generation/brandprompt-generator-239487-239497/prompt_extension_frontend/src/App.js", "pattern": "/^  audience: \"\",$/", "language": "JavaScript", "kind": "property", "scope": "DEFAULT_SETTINGS", "scopeKind": "class"}, {"_type": "tag", "name": "backendBaseUrl", "path": "/home/kavia/workspace/code-generation/brandprompt-generator-239487-239497/prompt_extension_frontend/src/App.js", "pattern": "/^  backendBaseUrl: \"http:\\/\\/localhost:3001\",$/", "language": "JavaScript", "kind": "property", "scope": "DEFAULT_SETTINGS", "scopeKind": "class"}, {"_type": "tag", "name": "brandDo", "path": "/home/kavia/workspace/code-generation/brandprompt-generator-239487-239497/prompt_extension_frontend/src/App.js", "pattern": "/^  brandDo: \"Use concise sentences. Be specific. Keep it practical.\",$/", "language": "JavaScript", "kind": "property", "scope": "DEFAULT_SETTINGS", "scopeKind": "class"}, {"_type": "tag", "name": "brandDont", "path": "/home/kavia/workspace/code-generation/brandprompt-generator-239487-239497/prompt_extension_frontend/src/App.js", "pattern": "/^  brandDont: \"Avoid hype and jargon. Avoid emojis.\",$/", "language": "JavaScript", "kind": "property", "scope": "DEFAULT_SETTINGS", "scopeKind": "class"}, {"_type": "tag", "name": "brandName", "path": "/home/kavia/workspace/code-generation/brandprompt-generator-239487-239497/prompt_extension_frontend/src/App.js", "pattern": "/^  brandName: \"\",$/", "language": "JavaScript", "kind": "property", "scope": "DEFAULT_SETTINGS", "scopeKind": "class"}, {"_type": "tag", "name": "brandVoice", "path": "/home/kavia/workspace/code-generation/brandprompt-generator-239487-239497/prompt_extension_frontend/src/App.js", "pattern": "/^  brandVoice: \"Clear, confident, helpful\",$/", "language": "JavaScript", "kind": "property", "scope": "DEFAULT_SETTINGS", "scopeKind": "class"}, {"_type": "tag", "name": "context", "path": "/home/kavia/workspace/code-generation/brandprompt-generator-239487-239497/prompt_extension_frontend/src/App.js", "pattern": "/^  context: \"\",$/", "language": "JavaScript", "kind": "property", "scope": "DEFAULT_SETTINGS", "scopeKind": "class"}, {"_type": "tag", "name": "keywords", "path": "/home/kavia/workspace/code-generation/brandprompt-generator-239487-239497/prompt_extension_frontend/src/App.js", "pattern": "/^  keywords: \"\",$/", "language": "JavaScript", "kind": "property", "scope": "DEFAULT_SETTINGS", "scopeKind": "class"}, {"_type": "tag", "name": "objective", "path": "/home/kavia/workspace/code-generation/brandprompt-generator-239487-239497/prompt_extension_frontend/src/App.js", "pattern": "/^  objective: \"Awareness\",$/", "language": "JavaScript", "kind": "property", "scope": "DEFAULT_SETTINGS", "scopeKind": "class"}, {"_type": "tag", "name": "onCheckBackend", "path": "/home/kavia/workspace/code-generation/brandprompt-generator-239487-239497/prompt_extension_frontend/src/App.js", "pattern": "/^  async function onCheckBackend() {$/", "language": "JavaScript", "kind": "function", "signature": "()", "scope": "App", "scopeKind": "function"}, {"_type": "tag", "name": "onSave", "path": "/home/kavia/workspace/code-generation/brandprompt-generator-239487-239497/prompt_extension_frontend/src/App.js", "pattern": "/^              onClick={onSave}$/", "language": "JavaScript", "kind": "field", "scope": "App.onClick", "scopeKind": "class"}, {"_type": "tag", "name": "onSave", "path": "/home/kavia/workspace/code-generation/brandprompt-generator-239487-239497/prompt_extension_frontend/src/App.js", "pattern": "/^  async function onSave() {$/", "language": "JavaScript", "kind": "function", "signature": "()", "scope": "App", "scopeKind": "function"}, {"_type": "tag", "name": "orientation", "path": "/home/kavia/workspace/code-generation/brandprompt-generator-239487-239497/prompt_extension_frontend/src/App.js", "pattern": "/^  orientation: \"Post\",$/", "language": "JavaScript", "kind": "property", "scope": "DEFAULT_SETTINGS", "scopeKind": "class"}, {"_type": "tag", "name": "patchSettings", "path": "/home/kavia/workspace/code-generation/brandprompt-generator-239487-239497/prompt_extension_frontend/src/App.js", "pattern": "/^  function patchSettings(patch) {$/", "language": "JavaScript", "kind": "function", "signature": "(patch)", "scope": "App", "scopeKind": "function"}, {"_type": "tag", "name": "platform", "path": "/home/kavia/workspace/code-generation/brandprompt-generator-239487-239497/prompt_extension_frontend/src/App.js", "pattern": "/^  platform: \"LinkedIn\",$/", "language": "JavaScript", "kind": "property", "scope": "DEFAULT_SETTINGS", "scopeKind": "class"}, {"_type": "tag", "name": "settings", "path": "/home/kavia/workspace/code-generation/brandprompt-generator-239487-239497/prompt_extension_frontend/src/App.js", "pattern": "/^              value={settings.backendBaseUrl}$/", "language": "JavaScript", "kind": "field", "scope": "App.value", "scopeKind": "class"}, {"_type": "tag", "name": "settings", "path": "/home/kavia/workspace/code-generation/brandprompt-generator-239487-239497/prompt_extension_frontend/src/App.js", "pattern": "/^              value={settings.brandName}$/", "language": "JavaScript", "kind": "field", "scope": "App.value", "scopeKind": "class"}, {"_type": "tag", "name": "settings", "path": "/home/kavia/workspace/code-generation/brandprompt-generator-239487-239497/prompt_extension_frontend/src/App.js", "pattern": "/^              value={settings.brandVoice}$/", "language": "JavaScript", "kind": "field", "scope": "App.value", "scopeKind": "class"}, {"_type": "tag", "name": "settings", "path": "/home/kavia/workspace/code-generation/brandprompt-generator-239487-239497/prompt_extension_frontend/src/App.js", "pattern": "/^              value={settings.keywords}$/", "language": "JavaScript", "kind": "field", "scope": "App.value", "scopeKind": "class"}, {"_type": "tag", "name": "topic", "path": "/home/kavia/workspace/code-generation/brandprompt-generator-239487-239497/prompt_extension_frontend/src/App.js", "pattern": "/^  topic: \"\",$/", "language": "JavaScript", "kind": "property", "scope": "DEFAULT_SETTINGS", "scopeKind": "class"}], "hash": "1b179f2b61ec1714c7ae277297a2bf3b", "format-version": 4, "code-base-name": "prompt_extension_frontend", "filename": "prompt_extension_frontend/src/App.js", "fields": [{"name": "audience: \"\",", "scope": "DEFAULT_SETTINGS", "scopeKind": "class", "description": "unavailable"}, {"name": "backendBaseUrl: \"http:\\/\\/localhost:3001\",", "scope": "DEFAULT_SETTINGS", "scopeKind": "class", "description": "unavailable"}, {"name": "brandDo: \"Use concise sentences. Be specific. Keep it practical.\",", "scope": "DEFAULT_SETTINGS", "scopeKind": "class", "description": "unavailable"}, {"name": "brandDont: \"Avoid hype and jargon. Avoid emojis.\",", "scope": "DEFAULT_SETTINGS", "scopeKind": "class", "description": "unavailable"}, {"name": "brandName: \"\",", "scope": "DEFAULT_SETTINGS", "scopeKind": "class", "description": "unavailable"}, {"name": "brandVoice: \"Clear, confident, helpful\",", "scope": "DEFAULT_SETTINGS", "scopeKind": "class", "description": "unavailable"}, {"name": "context: \"\",", "scope": "DEFAULT_SETTINGS", "scopeKind": "class", "description": "unavailable"}, {"name": "keywords: \"\",", "scope": "DEFAULT_SETTINGS", "scopeKind": "class", "description": "unavailable"}, {"name": "objective: \"Awareness\",", "scope": "DEFAULT_SETTINGS", "scopeKind": "class", "description": "unavailable"}, {"name": "onClick={onSave}", "scope": "App.onClick", "scopeKind": "class", "description": "unavailable"}, {"name": "orientation: \"Post\",", "scope": "DEFAULT_SETTINGS", "scopeKind": "class", "description": "unavailable"}, {"name": "platform: \"LinkedIn\",", "scope": "DEFAULT_SETTINGS", "scopeKind": "class", "description": "unavailable"}, {"name": "value={settings.backendBaseUrl}", "scope": "App.value", "scopeKind": "class", "description": "unavailable"}, {"name": "value={settings.brandName}", "scope": "App.value", "scopeKind": "class", "description": "unavailable"}, {"name": "value={settings.brandVoice}", "scope": "App.value", "scopeKind": "class", "description": "unavailable"}, {"name": "value={settings.keywords}", "scope": "App.value", "scopeKind": "class", "description": "unavailable"}, {"name": "topic: \"\",", "scope": "DEFAULT_SETTINGS", "scopeKind": "class", "description": "unavailable"}]}