{"is_source_file": false, "format": "", "description": "", "external_files": [], "external_methods": [], "published": [], "classes": [], "methods": [], "calls": [], "search-terms": [], "state": 2, "file_id": 12, "knowledge_revision": 49, "git_revision": "c5374362b246387842d07a649f3fa531c81c05c8", "revision_history": [{"19": "a945c8a32b9792d27779a8da76bc846df7bd8e32"}, {"49": "c5374362b246387842d07a649f3fa531c81c05c8"}], "hash": "28b07ffc61af8f026a787aecd1a5205f", "format-version": 4, "code-base-name": "prompt_extension_frontend", "filename": "prompt_extension_frontend/package.json"}