{"is_source_file": true, "format": "JavaScript", "description": "This file serves as the entry point for a React application. It sets up rendering of the main App component inside an element with id 'root' and uses React's strict mode for highlighting potential problems.", "external_files": ["./index.css", "./App"], "external_methods": ["ReactDOM.createRoot", "React.StrictMode", "root.render"], "published": [], "classes": [], "methods": [{"name": "ReactDOM.createRoot", "description": "Initializes the React root for rendering the React application."}, {"name": "React.StrictMode", "description": "A wrapper component that detects potential problems and deprecated features in the application."}, {"name": "root.render", "description": "Renders the React element into the DOM."}], "calls": ["ReactDOM.createRoot", "root.render"], "search-terms": ["React", "ReactDOM", "index.js", "entry point", "render", "StrictMode"], "state": 2, "file_id": 7, "knowledge_revision": 25, "git_revision": "a945c8a32b9792d27779a8da76bc846df7bd8e32", "ctags": [{"_type": "tag", "name": "root", "path": "/home/kavia/workspace/code-generation/brandprompt-generator-239487-239497/prompt_extension_frontend/src/index.js", "pattern": "/^const root = ReactDOM.createRoot(document.getElementById('root'));$/", "language": "JavaScript", "kind": "constant"}], "hash": "9fc5841375336fc175b49f8767a11383", "format-version": 4, "code-base-name": "prompt_extension_frontend", "filename": "prompt_extension_frontend/src/index.js", "revision_history": [{"25": "a945c8a32b9792d27779a8da76bc846df7bd8e32"}]}