{"is_source_file": false, "format": "", "description": "", "external_files": [], "external_methods": [], "published": [], "classes": [], "methods": [], "calls": [], "search-terms": [], "state": 2, "file_id": 8, "knowledge_revision": 31, "git_revision": "a945c8a32b9792d27779a8da76bc846df7bd8e32", "hash": "f6a55af8a7692fdf687382693ce75a06", "format-version": 4, "code-base-name": "prompt_extension_frontend", "filename": "prompt_extension_frontend/src/index.css", "revision_history": [{"31": "a945c8a32b9792d27779a8da76bc846df7bd8e32"}]}