{"is_source_file": true, "format": "HTML", "description": "This is the main HTML template for a web application, defining the basic structure of the page including metadata, external resources, and a root container for JavaScript rendering.", "external_files": ["%PUBLIC_URL%/favicon.ico", "%PUBLIC_URL%/logo192.png", "%PUBLIC_URL%/manifest.json"], "external_methods": [], "published": [], "classes": [], "methods": [], "calls": [], "search-terms": ["index.html", "HTML template", "public folder", "react app root", "web app manifest", "favicon", "meta tags"], "state": 2, "file_id": 11, "knowledge_revision": 20, "git_revision": "a945c8a32b9792d27779a8da76bc846df7bd8e32", "hash": "d2b40d02d5f7873d8a6713bad837edd4", "format-version": 4, "code-base-name": "prompt_extension_frontend", "filename": "prompt_extension_frontend/public/index.html", "revision_history": [{"20": "a945c8a32b9792d27779a8da76bc846df7bd8e32"}]}