{"is_source_file": false, "format": "", "description": "", "external_files": [], "external_methods": [], "published": [], "classes": [], "methods": [], "calls": [], "search-terms": [], "state": 2, "file_id": 10, "knowledge_revision": 26, "git_revision": "a945c8a32b9792d27779a8da76bc846df7bd8e32", "hash": "4bd9c79bb6f18c707b883844a36fd896", "format-version": 4, "code-base-name": "prompt_extension_frontend", "filename": "prompt_extension_frontend/public/manifest.json", "revision_history": [{"26": "a945c8a32b9792d27779a8da76bc846df7bd8e32"}]}