{"is_source_file": false, "format": "", "description": "", "external_files": [], "external_methods": [], "published": [], "classes": [], "methods": [], "calls": [], "search-terms": [], "state": 2, "file_id": 4, "knowledge_revision": 27, "git_revision": "a945c8a32b9792d27779a8da76bc846df7bd8e32", "hash": "f405783af560726e138e33cf93df3408", "format-version": 4, "code-base-name": "prompt_extension_frontend", "filename": "prompt_extension_frontend/src/App.css", "revision_history": [{"27": "a945c8a32b9792d27779a8da76bc846df7bd8e32"}]}