{"is_source_file": true, "format": "JavaScript module (.mjs)", "description": "ESLint configuration file that sets up linting rules and plugins for JavaScript and JSX files in a front-end project.", "external_files": ["@eslint/js", "eslint-plugin-react"], "external_methods": [], "published": [], "classes": [], "methods": [], "calls": ["pluginJs", "pluginReact"], "search-terms": ["eslint", "eslint.config.mjs", "eslint configuration", "pluginReact", "pluginJs", "jsx", "rules", "globals", "parserOptions", "plugins"], "state": 2, "file_id": 2, "knowledge_revision": 17, "git_revision": "a945c8a32b9792d27779a8da76bc846df7bd8e32", "hash": "be6538e7523bc2e9da0743133d784136", "format-version": 4, "code-base-name": "prompt_extension_frontend", "filename": "prompt_extension_frontend/eslint.config.mjs", "revision_history": [{"17": "a945c8a32b9792d27779a8da76bc846df7bd8e32"}]}