{"is_source_file": false, "format": "", "description": "", "external_files": [], "external_methods": [], "published": [], "classes": [], "methods": [], "calls": [], "search-terms": [], "state": 2, "file_id": 1, "knowledge_revision": 14, "git_revision": "7b6e9e5e4d87a1c48e3cab8e136fee64cabcf914", "hash": "6acfbda2134ad57f393a945828a54ed8", "format-version": 4, "code-base-name": "prompt_extension_frontend", "filename": "README.md", "revision_history": [{"14": "7b6e9e5e4d87a1c48e3cab8e136fee64cabcf914"}]}